episode,seed,scale_index,scale,epsilon,total_reward,steps,final_score,completed_tasks,expired_tasks,eval_score_mean,eval_reward_mean,action_0_count,action_1_count,action_2_count,action_3_count,action_4_count,action_5_count
0.0,7.0,0.0,medium,0.2,4300.580310963539,164.0,4053.0470514031194,51.0,30.0,4335.824449638215,4661.129496072903,27.0,30.0,38.0,32.0,30.0,7.0
1.0,8.0,0.0,medium,0.199,4525.2583487796655,170.0,4239.477296009091,53.0,30.0,4249.707613756893,4574.389662874951,10.0,44.0,53.0,30.0,29.0,4.0
2.0,9.0,0.0,medium,0.19800500000000001,4424.159616415556,168.0,4148.86610439134,52.0,30.0,4249.707613756893,4574.389662874951,11.0,41.0,54.0,30.0,30.0,2.0
3.0,10.0,0.0,medium,0.197014975,4321.457258938111,162.0,4055.6849741201454,51.0,30.0,4249.707613756893,4574.389662874951,19.0,42.0,47.0,29.0,23.0,2.0
4.0,11.0,0.0,medium,0.19602990012500002,4321.457258938111,162.0,4055.6849741201454,51.0,30.0,4249.707613756893,4574.389662874951,19.0,42.0,49.0,28.0,22.0,2.0
5.0,12.0,0.0,medium,0.19504975062437502,4321.457258938111,162.0,4055.6849741201454,51.0,30.0,4249.707613756893,4574.389662874951,19.0,42.0,49.0,28.0,22.0,2.0
6.0,13.0,0.0,medium,0.19407450187125314,4321.457258938111,162.0,4055.6849741201454,51.0,30.0,4249.707613756893,4574.389662874951,19.0,42.0,49.0,28.0,22.0,2.0
7.0,14.0,0.0,medium,0.19310412936189686,4321.457258938111,162.0,4055.6849741201454,51.0,30.0,3999.726094132284,4215.886608001001,19.0,42.0,49.0,28.0,22.0,2.0
8.0,15.0,0.0,medium,0.19213860871508737,4217.643941676202,162.0,3961.8169032300466,50.0,30.0,3999.726094132284,4215.886608001001,11.0,50.0,48.0,28.0,23.0,2.0
9.0,16.0,0.0,medium,0.19117791567151193,4217.643941676202,162.0,3961.8169032300466,50.0,30.0,3999.726094132284,4215.886608001001,11.0,50.0,48.0,28.0,23.0,2.0
10.0,17.0,0.0,medium,0.19022202609315436,4217.643941676202,162.0,3961.8169032300466,50.0,30.0,3999.726094132284,4215.886608001001,11.0,50.0,48.0,28.0,23.0,2.0
11.0,18.0,0.0,medium,0.18927091596268858,4217.643941676202,162.0,3961.8169032300466,50.0,30.0,3999.726094132284,4215.886608001001,11.0,50.0,48.0,28.0,23.0,2.0
12.0,19.0,0.0,medium,0.18832456138287512,4217.643941676202,162.0,3961.8169032300466,50.0,30.0,3999.726094132284,4215.886608001001,11.0,51.0,49.0,28.0,22.0,1.0
13.0,20.0,0.0,medium,0.18738293857596075,4217.643941676202,162.0,3961.8169032300466,50.0,30.0,3999.726094132284,4215.886608001001,11.0,51.0,49.0,28.0,22.0,1.0
14.0,21.0,0.0,medium,0.18644602388308096,4217.643941676202,162.0,3961.8169032300466,50.0,30.0,3999.726094132284,4215.886608001001,11.0,51.0,49.0,28.0,22.0,1.0
15.0,22.0,0.0,medium,0.18551379376366556,4217.643941676202,162.0,3961.8169032300466,50.0,30.0,3999.726094132284,4215.886608001001,11.0,51.0,49.0,28.0,22.0,1.0
16.0,23.0,0.0,medium,0.18458622479484724,4217.643941676202,162.0,3961.8169032300466,50.0,30.0,3999.726094132284,4215.886608001001,11.0,51.0,49.0,28.0,22.0,1.0
17.0,24.0,0.0,medium,0.183663293670873,4130.305226858947,160.0,3865.689984058434,49.0,30.0,3169.087842411796,3230.3618592902967,11.0,69.0,45.0,26.0,8.0,1.0
18.0,25.0,0.0,medium,0.18274497720251864,3845.599603930564,165.0,3635.8669210348426,47.0,33.0,3169.087842411796,3230.3618592902967,11.0,71.0,49.0,30.0,3.0,1.0
19.0,26.0,0.0,medium,0.18183125231650604,4367.013087972616,165.0,4069.6229343694004,51.0,29.0,3169.087842411796,3230.3618592902967,11.0,65.0,48.0,26.0,14.0,1.0
20.0,27.0,0.0,medium,0.18092209605492351,4451.332430700319,164.0,4158.535609726023,52.0,30.0,3169.087842411796,3230.3618592902967,11.0,48.0,40.0,29.0,35.0,1.0
21.0,28.0,0.0,medium,0.1800174855746489,4367.013087972616,165.0,4069.6229343694004,51.0,29.0,3169.087842411796,3230.3618592902967,11.0,65.0,48.0,26.0,14.0,1.0
22.0,29.0,0.0,medium,0.17911739814677563,3215.6631719157726,157.0,3169.843593830074,43.0,38.0,3172.8714524665374,3184.219234094852,10.0,80.0,40.0,21.0,5.0,1.0
23.0,30.0,0.0,medium,0.17822181115604174,3240.5717626301594,155.0,3177.2402472257877,43.0,37.0,3072.383681324673,3118.0044612466945,20.0,73.0,35.0,21.0,5.0,1.0
24.0,31.0,0.0,medium,0.17733070210026153,3219.5131719157725,156.0,3169.843593830074,43.0,38.0,3172.8714524665374,3184.219234094852,13.0,83.0,33.0,21.0,5.0,1.0
25.0,32.0,0.0,medium,0.17644404858976023,3240.5717626301594,155.0,3177.2402472257877,43.0,37.0,3172.8714524665374,3184.219234094852,20.0,73.0,35.0,21.0,5.0,1.0
26.0,33.0,0.0,medium,0.17556182834681144,3240.5717626301594,155.0,3177.2402472257877,43.0,37.0,3172.8714524665374,3184.219234094852,20.0,73.0,35.0,21.0,5.0,1.0
27.0,34.0,0.0,medium,0.1746840192050774,3240.5717626301594,155.0,3177.2402472257877,43.0,37.0,3172.8714524665374,3184.219234094852,20.0,73.0,35.0,21.0,5.0,1.0
28.0,35.0,0.0,medium,0.173810599109052,3240.5717626301594,155.0,3177.2402472257877,43.0,37.0,3172.8714524665374,3184.219234094852,20.0,73.0,35.0,21.0,5.0,1.0
29.0,36.0,0.0,medium,0.17294154611350673,2735.5541672672366,146.0,2735.3280430348436,39.0,40.0,3506.7393650327126,3636.467874437131,23.0,66.0,29.0,21.0,5.0,2.0
30.0,37.0,0.0,medium,0.1720768383829392,3889.8000837862937,157.0,3711.991753760829,48.0,34.0,3902.7749496505903,4089.031287067975,39.0,72.0,18.0,21.0,5.0,2.0
31.0,38.0,0.0,medium,0.1712164541910245,3818.4027534044817,161.0,3634.916376049136,47.0,33.0,3506.7393650327126,3636.467874437131,51.0,65.0,18.0,21.0,4.0,2.0
32.0,39.0,0.0,medium,0.17036037192006936,3661.3515281715877,159.0,3523.2662198745306,46.0,34.0,4026.841292595663,4246.3706045915915,65.0,44.0,18.0,21.0,9.0,2.0
33.0,40.0,0.0,medium,0.16950857006046902,4268.857916730236,166.0,4039.3586782978646,51.0,31.0,4026.841292595663,4246.3706045915915,50.0,39.0,20.0,21.0,34.0,2.0
34.0,41.0,0.0,medium,0.16866102721016668,4268.857916730236,166.0,4039.3586782978646,51.0,31.0,4026.841292595663,4246.3706045915915,40.0,39.0,20.0,21.0,44.0,2.0
35.0,42.0,0.0,medium,0.16781772207411585,4268.857916730236,166.0,4039.3586782978646,51.0,31.0,4026.841292595663,4246.3706045915915,68.0,39.0,20.0,21.0,16.0,2.0
36.0,43.0,0.0,medium,0.16697863346374528,4268.857916730236,166.0,4039.3586782978646,51.0,31.0,4026.841292595663,4246.3706045915915,80.0,39.0,20.0,21.0,4.0,2.0
37.0,44.0,0.0,medium,0.16614374029642656,4268.857916730236,166.0,4039.3586782978646,51.0,31.0,4026.841292595663,4246.3706045915915,80.0,39.0,20.0,21.0,4.0,2.0
38.0,45.0,0.0,medium,0.16531302159494443,4268.857916730236,166.0,4039.3586782978646,51.0,31.0,4026.841292595663,4246.3706045915915,80.0,39.0,20.0,21.0,4.0,2.0
39.0,46.0,0.0,medium,0.16448645648696972,4268.857916730236,166.0,4039.3586782978646,51.0,31.0,4015.93608987406,4189.778727745723,69.0,39.0,20.0,21.0,4.0,13.0
40.0,47.0,0.0,medium,0.16366402420453488,4132.456080616517,164.0,3940.942138863178,50.0,31.0,4015.93608987406,4189.778727745723,56.0,39.0,18.0,21.0,4.0,26.0
41.0,48.0,0.0,medium,0.1628457040835122,4132.456080616517,164.0,3940.942138863178,50.0,31.0,4015.93608987406,4189.778727745723,56.0,39.0,18.0,21.0,4.0,26.0
42.0,49.0,0.0,medium,0.16203147556309463,4132.456080616517,164.0,3940.942138863178,50.0,31.0,4015.93608987406,4189.778727745723,56.0,39.0,18.0,21.0,4.0,26.0
43.0,50.0,0.0,medium,0.16122131818527916,4264.205084699085,167.0,4042.6670912455797,51.0,31.0,4026.841292595663,4246.3706045915915,78.0,40.0,18.0,21.0,4.0,6.0
44.0,51.0,0.0,medium,0.16041521159435276,4238.140843827134,168.0,4039.77862245162,51.0,31.0,4026.841292595663,4246.3706045915915,61.0,40.0,18.0,21.0,4.0,24.0
45.0,52.0,0.0,medium,0.159613135536381,4264.205084699085,167.0,4042.6670912455797,51.0,31.0,4026.841292595663,4246.3706045915915,79.0,40.0,18.0,21.0,4.0,5.0
46.0,53.0,0.0,medium,0.15881506985869911,4238.140843827134,168.0,4039.77862245162,51.0,31.0,4026.841292595663,4246.3706045915915,61.0,40.0,18.0,21.0,4.0,24.0
47.0,54.0,0.0,medium,0.15802099450940563,4264.205084699085,167.0,4042.6670912455797,51.0,31.0,4026.841292595663,4246.3706045915915,78.0,41.0,18.0,21.0,4.0,5.0
48.0,55.0,0.0,medium,0.1572308895368586,4238.140843827134,168.0,4039.77862245162,51.0,31.0,4026.841292595663,4246.3706045915915,61.0,40.0,18.0,21.0,4.0,24.0
49.0,56.0,0.0,medium,0.1564447350891743,4264.205084699085,167.0,4042.6670912455797,51.0,31.0,4015.93608987406,4189.778727745723,64.0,40.0,19.0,21.0,4.0,19.0
50.0,57.0,0.0,medium,0.15566251141372844,4264.205084699085,167.0,4042.6670912455797,51.0,31.0,4026.841292595663,4246.3706045915915,65.0,39.0,17.0,21.0,4.0,21.0
51.0,58.0,0.0,medium,0.1548841988566598,4264.205084699085,167.0,4042.6670912455797,51.0,31.0,4015.93608987406,4189.778727745723,82.0,38.0,18.0,21.0,4.0,4.0
52.0,59.0,0.0,medium,0.1541097778623765,4238.140843827134,168.0,4039.77862245162,51.0,31.0,4015.93608987406,4189.778727745723,58.0,40.0,17.0,21.0,4.0,28.0
53.0,60.0,0.0,medium,0.15333922897306462,4238.140843827134,168.0,4039.77862245162,51.0,31.0,4015.93608987406,4189.778727745723,58.0,40.0,17.0,21.0,4.0,28.0
54.0,61.0,0.0,medium,0.1525725328281993,4238.140843827134,168.0,4039.77862245162,51.0,31.0,4026.841292595663,4246.3706045915915,60.0,39.0,18.0,21.0,4.0,26.0
55.0,62.0,0.0,medium,0.1518096701640583,4268.355084699086,166.0,4042.6670912455797,51.0,31.0,3506.7393650327126,3636.467874437131,71.0,48.0,17.0,21.0,4.0,5.0
56.0,63.0,0.0,medium,0.151050621813238,4257.651156864961,165.0,4023.8151356752983,51.0,32.0,3506.7393650327126,3636.467874437131,47.0,59.0,21.0,21.0,4.0,13.0
57.0,64.0,0.0,medium,0.15029536870417182,3903.906395306784,156.0,3713.0344633654454,48.0,34.0,3506.7393650327126,3636.467874437131,47.0,55.0,17.0,21.0,5.0,11.0
58.0,65.0,0.0,medium,0.14954389186065095,4226.087646144521,170.0,4018.0370835574436,51.0,32.0,4035.665772929305,4278.9813299971165,40.0,55.0,19.0,21.0,4.0,31.0
59.0,66.0,0.0,medium,0.1487961724013477,4415.896089407442,169.0,4158.851147332167,52.0,30.0,4026.841292595663,4246.3706045915915,43.0,41.0,18.0,21.0,36.0,10.0
60.0,67.0,0.0,medium,0.14805219153934096,4268.355084699086,166.0,4042.6670912455797,51.0,31.0,3506.7393650327126,3636.467874437131,59.0,48.0,18.0,21.0,16.0,4.0
61.0,68.0,0.0,medium,0.14731193058164427,4110.893468251395,163.0,3926.265185205154,50.0,32.0,4015.93608987406,4189.778727745723,53.0,40.0,17.0,21.0,6.0,26.0
62.0,69.0,0.0,medium,0.14657537092873604,4060.3287548455187,164.0,3860.3020093170567,49.0,30.0,4015.93608987406,4189.778727745723,55.0,37.0,18.0,21.0,4.0,29.0
63.0,70.0,0.0,medium,0.14584249407409236,4458.359293611747,164.0,4209.800448492639,53.0,32.0,4015.93608987406,4189.778727745723,55.0,40.0,17.0,20.0,4.0,28.0
64.0,71.0,0.0,medium,0.1451132816037219,4100.259685800518,164.0,3910.3487737124406,50.0,33.0,3902.7749496505903,4089.031287067975,30.0,69.0,18.0,20.0,4.0,23.0
65.0,72.0,0.0,medium,0.1443877151957033,3945.142526851769,166.0,3784.772285285482,49.0,35.0,3589.873955020742,3727.3860290480284,47.0,74.0,17.0,20.0,4.0,4.0
66.0,73.0,0.0,medium,0.14366577661972477,3949.6949517008798,158.0,3750.609985747329,48.0,32.0,3506.7393650327126,3636.467874437131,41.0,70.0,18.0,20.0,4.0,5.0
67.0,74.0,0.0,medium,0.14294744773662615,3636.443475355292,159.0,3506.7393650327126,46.0,35.0,3506.7393650327126,3636.467874437131,65.0,49.0,17.0,20.0,4.0,4.0
68.0,75.0,0.0,medium,0.14223271049794303,3769.0517343535585,154.0,3598.7166551934265,47.0,35.0,3506.7393650327126,3636.467874437131,54.0,54.0,18.0,20.0,4.0,4.0
69.0,76.0,0.0,medium,0.14152154694545332,3636.443475355292,159.0,3506.7393650327126,46.0,35.0,3506.7393650327126,3636.467874437131,58.0,48.0,17.0,20.0,12.0,4.0
70.0,77.0,0.0,medium,0.14081393921072605,3636.443475355292,159.0,3506.7393650327126,46.0,35.0,3506.7393650327126,3636.467874437131,56.0,47.0,18.0,20.0,14.0,4.0
71.0,78.0,0.0,medium,0.1401098695146724,3636.443475355292,159.0,3506.7393650327126,46.0,35.0,3506.7393650327126,3636.467874437131,49.0,48.0,17.0,20.0,19.0,6.0
72.0,79.0,0.0,medium,0.13940932016709906,3637.724714379712,158.0,3514.5097326488185,46.0,35.0,3506.7393650327126,3636.467874437131,39.0,49.0,16.0,21.0,29.0,4.0
73.0,80.0,0.0,medium,0.13871227356626356,3637.724714379712,158.0,3514.5097326488185,46.0,35.0,3506.7393650327126,3636.467874437131,65.0,49.0,16.0,21.0,3.0,4.0
74.0,81.0,0.0,medium,0.13801871219843223,3637.724714379712,158.0,3514.5097326488185,46.0,35.0,3090.1116612328856,3153.63478476589,64.0,48.0,16.0,21.0,4.0,5.0
75.0,82.0,0.0,medium,0.13732861863744006,3637.724714379712,158.0,3514.5097326488185,46.0,35.0,3090.1116612328856,3153.63478476589,36.0,49.0,16.0,21.0,31.0,5.0
76.0,83.0,0.0,medium,0.13664197554425286,3356.337689935273,157.0,3292.8259147950625,44.0,37.0,4015.93608987406,4191.778727745723,42.0,65.0,16.0,21.0,9.0,4.0
77.0,84.0,0.0,medium,0.1359587656665316,3085.4343865323003,154.0,3052.170582667517,42.0,39.0,3493.21227908855,3634.4233846265415,16.0,63.0,16.0,21.0,16.0,22.0
78.0,85.0,0.0,medium,0.13527897183819892,3585.253823986594,159.0,3492.0731016447858,46.0,36.0,4015.93608987406,4191.778727745723,10.0,69.0,16.0,21.0,36.0,7.0
79.0,86.0,0.0,medium,0.13460257697900793,3393.51758712079,151.0,3288.752582347211,44.0,37.0,3464.3250623255267,3548.0251892219003,16.0,57.0,16.0,21.0,33.0,8.0
80.0,87.0,0.0,medium,0.13392956409411289,2632.033238631857,145.0,2651.8073817394798,38.0,40.0,3484.473099390729,3583.3308540114976,27.0,55.0,16.0,21.0,6.0,20.0
81.0,88.0,0.0,medium,0.1332599162736423,2990.0250329837936,149.0,2965.331945454916,41.0,39.0,3589.873955020742,3727.3860290480284,14.0,58.0,16.0,21.0,18.0,22.0
82.0,89.0,0.0,medium,0.1325936166922741,2999.927845305966,149.0,2967.107912591803,41.0,39.0,3464.3250623255267,3548.0251892219003,10.0,59.0,16.0,21.0,21.0,22.0
83.0,90.0,0.0,medium,0.13193064860881273,2996.8317517869655,148.0,2964.100316710547,41.0,39.0,3201.9676726463586,3300.168109368933,17.0,54.0,16.0,21.0,21.0,19.0
84.0,91.0,0.0,medium,0.13127099536576867,2694.3982899854846,148.0,2725.762193677299,39.0,41.0,2976.8995563404355,2995.5992050497734,15.0,68.0,17.0,21.0,11.0,16.0
85.0,92.0,0.0,medium,0.13061464038893983,2855.9948169051545,147.0,2848.372347585089,40.0,40.0,3486.6571349847163,3586.1639156847777,15.0,62.0,16.0,21.0,10.0,23.0
86.0,93.0,0.0,medium,0.12996156718699514,2996.8317517869655,148.0,2964.100316710547,41.0,39.0,3902.7749496505903,4098.881287067972,11.0,50.0,18.0,21.0,18.0,30.0
87.0,94.0,0.0,medium,0.12931175935106015,3065.2057106910147,153.0,3048.0232780791835,42.0,39.0,4014.5595187910194,4196.390216392516,9.0,63.0,18.0,21.0,20.0,22.0
88.0,95.0,0.0,medium,0.12866520055430486,3335.8726813361272,157.0,3281.929704250314,44.0,36.0,3101.6091182674954,3184.6817728345914,9.0,47.0,16.0,21.0,12.0,52.0
89.0,96.0,0.0,medium,0.12802187455153333,2994.1923017532213,150.0,2978.129525607221,41.0,38.0,3247.9094787084923,3305.135045317824,9.0,52.0,16.0,21.0,28.0,24.0
90.0,97.0,0.0,medium,0.12738176517877567,3602.9041980442394,159.0,3493.052960223252,46.0,36.0,3493.21227908855,3634.4233846265415,12.0,66.0,23.0,21.0,14.0,23.0
91.0,98.0,0.0,medium,0.1267448563528818,3892.272933627523,160.0,3727.2007886077704,48.0,33.0,4039.0460490520823,4278.623787114281,10.0,39.0,23.0,20.0,37.0,31.0
92.0,99.0,0.0,medium,0.12611113207111738,3884.786372221729,159.0,3722.8166216434734,48.0,33.0,4121.521961256768,4353.707889641098,9.0,28.0,23.0,28.0,30.0,41.0
93.0,100.0,0.0,medium,0.1254805764107618,4061.1437950978566,163.0,3896.3407825528507,50.0,34.0,3453.502701844773,3544.9389147904103,19.0,22.0,22.0,35.0,25.0,40.0
94.0,101.0,0.0,medium,0.12485317352870799,3446.3513574307453,153.0,3312.2595547033575,44.0,34.0,3391.53961260043,3523.6123364290356,13.0,54.0,17.0,13.0,11.0,45.0
95.0,102.0,0.0,medium,0.12422890766106445,3070.6484000968107,156.0,3053.2499031490083,42.0,38.0,3392.9847598624656,3477.3913241052633,23.0,56.0,15.0,16.0,5.0,41.0
96.0,103.0,0.0,medium,0.12360776312275913,3991.8845063264152,160.0,3821.2039956529566,49.0,33.0,3392.9847598624656,3477.3913241052633,17.0,65.0,20.0,32.0,10.0,16.0
97.0,104.0,0.0,medium,0.12298972430714533,3623.9044688857875,158.0,3505.9621159098074,46.0,35.0,3392.9847598624656,3477.3913241052633,8.0,47.0,20.0,21.0,36.0,26.0
98.0,105.0,0.0,medium,0.1223747756856096,3981.778385567422,157.0,3802.391132885986,49.0,34.0,3398.5878422664114,3499.2372895150606,10.0,58.0,20.0,33.0,22.0,14.0
99.0,106.0,0.0,medium,0.12176290180718155,3499.2372895150606,158.0,3398.5878422664114,45.0,35.0,3398.5878422664114,3499.2372895150606,11.0,51.0,24.0,16.0,30.0,26.0
100.0,107.0,0.0,medium,0.12115408729814564,3499.2372895150606,158.0,3398.5878422664114,45.0,35.0,3808.3683161025215,4004.575946247152,11.0,61.0,14.0,16.0,30.0,26.0
101.0,108.0,0.0,medium,0.12054831686165492,3809.203779389616,158.0,3648.8146144726825,47.0,31.0,3808.3683161025215,4004.575946247152,18.0,64.0,23.0,17.0,17.0,19.0
102.0,109.0,0.0,medium,0.11994557527734664,3568.169911212824,164.0,3476.018181828117,46.0,35.0,3932.628789742956,4190.70325652966,11.0,48.0,25.0,30.0,24.0,26.0
103.0,110.0,0.0,medium,0.11934584740095991,4304.597548546699,158.0,4028.940745504643,51.0,31.0,3386.6195409058296,3451.0372994910063,10.0,40.0,17.0,71.0,11.0,9.0
104.0,111.0,0.0,medium,0.11874911816395511,3642.6041703345404,157.0,3507.9040906347745,46.0,34.0,3708.942095436446,3863.052022656377,10.0,50.0,13.0,35.0,21.0,28.0
105.0,112.0,0.0,medium,0.11815537257313534,3719.674428075775,155.0,3535.8222751333938,46.0,33.0,3708.942095436446,3863.052022656377,10.0,49.0,13.0,29.0,43.0,11.0
106.0,113.0,0.0,medium,0.11756459571026966,3719.674428075775,155.0,3535.8222751333938,46.0,33.0,3708.942095436446,3863.052022656377,10.0,49.0,13.0,36.0,43.0,4.0
107.0,114.0,0.0,medium,0.1169767727317183,3719.824428075775,155.0,3535.8222751333938,46.0,33.0,3612.21492717409,3743.528412168454,10.0,50.0,13.0,29.0,42.0,11.0
108.0,115.0,0.0,medium,0.1163918888680597,4232.996795433941,160.0,3958.504742137545,50.0,29.0,3935.8341353399373,4189.891911180599,9.0,56.0,22.0,31.0,14.0,28.0
109.0,116.0,0.0,medium,0.11580992942371941,4408.575514449411,165.0,4140.567726578908,52.0,31.0,3617.327874151346,3781.4376461312017,30.0,26.0,20.0,39.0,8.0,42.0
110.0,117.0,0.0,medium,0.11523087977660082,3781.2876461312017,160.0,3617.327874151346,47.0,34.0,4010.8530450360568,4235.943008885944,7.0,72.0,24.0,8.0,35.0,14.0
111.0,118.0,0.0,medium,0.11465472537771781,4275.721590473547,165.0,4047.540663949092,51.0,30.0,3996.558734974254,4159.915040333003,10.0,54.0,24.0,25.0,18.0,34.0
112.0,119.0,0.0,medium,0.11408145175082922,4224.99059553984,174.0,4029.798088148936,51.0,32.0,3933.0037165633953,4149.20556842875,14.0,57.0,15.0,29.0,16.0,43.0
113.0,120.0,0.0,medium,0.11351104449207507,4564.842177475739,162.0,4260.210000521372,53.0,29.0,3617.327874151346,3781.4376461312017,9.0,46.0,16.0,47.0,36.0,8.0
114.0,121.0,0.0,medium,0.11294348926961469,4389.5569677752455,164.0,4134.673483523617,52.0,31.0,4237.360869705238,4489.155675831512,7.0,69.0,13.0,25.0,42.0,8.0
115.0,122.0,0.0,medium,0.11237877182326661,4373.117011734638,174.0,4145.9759475398405,52.0,30.0,4090.8825435606323,4261.990616508963,7.0,50.0,13.0,28.0,54.0,22.0
116.0,123.0,0.0,medium,0.11181687796415028,4258.747427650742,165.0,4025.380915393505,51.0,32.0,4090.8825435606323,4261.990616508963,8.0,37.0,16.0,30.0,38.0,36.0
117.0,124.0,0.0,medium,0.11125779357432954,4159.312008671377,172.0,3995.739129008254,51.0,32.0,4090.8825435606323,4261.990616508963,7.0,37.0,13.0,28.0,15.0,72.0
118.0,125.0,0.0,medium,0.11070150460645789,4159.312008671377,172.0,3995.739129008254,51.0,32.0,4090.8825435606323,4261.990616508963,7.0,37.0,13.0,28.0,15.0,72.0
119.0,126.0,0.0,medium,0.1101479970834256,4159.312008671377,172.0,3995.739129008254,51.0,32.0,4087.6771979636505,4272.801961858025,7.0,37.0,13.0,28.0,15.0,72.0
120.0,127.0,0.0,medium,0.10959725709800847,4672.569923367032,169.0,4362.89832658641,54.0,28.0,4237.360869705238,4489.155675831512,9.0,23.0,31.0,42.0,11.0,53.0
121.0,128.0,0.0,medium,0.10904927081251842,4638.052941836251,174.0,4355.308243658601,54.0,29.0,3952.0497149205103,4169.632918116446,25.0,37.0,16.0,29.0,48.0,19.0
122.0,129.0,0.0,medium,0.10850402445845582,4281.397099596507,161.0,4042.45135467854,51.0,31.0,3952.0497149205103,4169.632918116446,28.0,37.0,13.0,29.0,27.0,27.0
123.0,130.0,0.0,medium,0.10796150433616354,4281.397099596507,161.0,4042.45135467854,51.0,31.0,3952.0497149205103,4169.632918116446,28.0,37.0,13.0,29.0,27.0,27.0
124.0,131.0,0.0,medium,0.10742169681448273,4281.397099596507,161.0,4042.45135467854,51.0,31.0,3952.0497149205103,4169.632918116446,28.0,37.0,13.0,29.0,27.0,27.0
125.0,132.0,0.0,medium,0.10688458833041031,4281.397099596507,161.0,4042.45135467854,51.0,31.0,3952.0497149205103,4169.632918116446,28.0,37.0,13.0,29.0,27.0,27.0
126.0,133.0,0.0,medium,0.10635016538875826,4281.397099596507,161.0,4042.45135467854,51.0,31.0,3952.0497149205103,4169.632918116446,28.0,37.0,13.0,29.0,27.0,27.0
127.0,134.0,0.0,medium,0.10581841456181447,4281.397099596507,161.0,4042.45135467854,51.0,31.0,3952.0497149205103,4169.632918116446,28.0,37.0,12.0,30.0,27.0,27.0
128.0,135.0,0.0,medium,0.1052893224890054,4281.397099596507,161.0,4042.45135467854,51.0,31.0,3952.0497149205103,4169.632918116446,28.0,37.0,12.0,30.0,27.0,27.0
129.0,136.0,0.0,medium,0.10476287587656037,4281.397099596507,161.0,4042.45135467854,51.0,31.0,3952.0497149205103,4169.632918116446,28.0,37.0,12.0,30.0,27.0,27.0
130.0,137.0,0.0,medium,0.10423906149717757,4281.397099596507,161.0,4042.45135467854,51.0,31.0,3952.0497149205103,4169.632918116446,28.0,37.0,12.0,30.0,27.0,27.0
131.0,138.0,0.0,medium,0.10371786618969168,4281.397099596507,161.0,4042.45135467854,51.0,31.0,3952.0497149205103,4169.632918116446,28.0,37.0,12.0,30.0,27.0,27.0
132.0,139.0,0.0,medium,0.10319927685874322,4281.397099596507,161.0,4042.45135467854,51.0,31.0,3952.0497149205103,4169.632918116446,28.0,37.0,12.0,30.0,27.0,27.0
133.0,140.0,0.0,medium,0.10268328047444951,4723.007034308145,169.0,4413.893984491767,55.0,30.0,4260.322936767488,4532.207234970148,27.0,37.0,27.0,33.0,13.0,32.0
134.0,141.0,0.0,medium,0.10216986407207726,4245.559940953228,164.0,4019.373493743119,51.0,32.0,3852.412447641872,4058.8333604023373,33.0,34.0,16.0,27.0,10.0,44.0
135.0,142.0,0.0,medium,0.10165901475171688,3655.4804504203935,162.0,3526.852651512068,46.0,33.0,3852.412447641872,4058.8333604023373,18.0,51.0,12.0,15.0,58.0,8.0
136.0,143.0,0.0,medium,0.10115071967795829,4024.449010496456,165.0,3836.473804482769,49.0,32.0,3735.6499375104754,3903.2517559249527,22.0,57.0,12.0,9.0,36.0,29.0
137.0,144.0,0.0,medium,0.10064496607956849,3799.651422537252,161.0,3634.0758285707816,47.0,33.0,3852.412447641872,4058.8333604023373,14.0,49.0,16.0,17.0,35.0,30.0
138.0,145.0,0.0,medium,0.10014174124917065,4103.452195498341,166.0,3920.276471760126,50.0,32.0,3744.0393904427033,3923.5271433911826,22.0,78.0,12.0,16.0,17.0,21.0
139.0,146.0,0.0,medium,0.09964103254292479,3799.651422537252,161.0,3634.0758285707816,47.0,33.0,3735.6499375104754,3903.2517559249527,9.0,47.0,16.0,21.0,35.0,33.0
140.0,147.0,0.0,medium,0.09914282738021017,4024.449010496456,165.0,3836.473804482769,49.0,32.0,3852.412447641872,4058.8333604023373,27.0,67.0,12.0,9.0,36.0,14.0
141.0,148.0,0.0,medium,0.09864711324330912,3720.0505807004533,164.0,3608.9653007335323,47.0,34.0,3852.412447641872,4058.8333604023373,15.0,57.0,12.0,9.0,61.0,10.0
142.0,149.0,0.0,medium,0.09815387767709258,3840.9116816101296,168.0,3711.8615854637997,48.0,34.0,3735.6499375104754,3903.2517559249527,22.0,61.0,16.0,15.0,12.0,42.0
143.0,150.0,0.0,medium,0.09766310828870711,4024.449010496456,165.0,3836.473804482769,49.0,32.0,3852.412447641872,4058.8333604023373,32.0,57.0,12.0,9.0,30.0,25.0
144.0,151.0,0.0,medium,0.09717479274726358,3721.755855373723,163.0,3604.332288254064,47.0,34.0,3852.412447641872,4058.8333604023373,28.0,57.0,12.0,9.0,34.0,23.0
145.0,152.0,0.0,medium,0.09668891878352726,3825.5816421858253,165.0,3694.265646279283,48.0,34.0,4005.1002016409166,4219.424431254858,14.0,67.0,12.0,9.0,13.0,50.0
146.0,153.0,0.0,medium,0.09620547418960962,4145.598762591554,166.0,3946.4217196376712,50.0,31.0,4005.1002016409166,4219.424431254858,36.0,45.0,16.0,16.0,9.0,44.0
147.0,154.0,0.0,medium,0.09572444681866157,3554.3871429908727,161.0,3467.038560737217,46.0,36.0,3397.7470743706263,3498.7054450858545,9.0,58.0,12.0,9.0,35.0,38.0
148.0,155.0,0.0,medium,0.09524582458456826,3876.7393233782586,162.0,3707.412038321825,48.0,34.0,3402.3800868500944,3529.6001704125847,10.0,69.0,12.0,9.0,7.0,55.0
149.0,156.0,0.0,medium,0.09476959546164541,3385.8351318922323,160.0,3302.2230711457337,44.0,36.0,3402.3800868500944,3529.6001704125847,14.0,71.0,16.0,14.0,5.0,40.0
150.0,157.0,0.0,medium,0.09429574748433718,4123.931034862767,166.0,3916.8354237432586,50.0,33.0,3852.412447641872,4058.8333604023373,34.0,75.0,12.0,9.0,22.0,14.0
151.0,158.0,0.0,medium,0.09382426874691549,3669.3327992655068,163.0,3567.689295334818,47.0,36.0,3694.265646279283,3825.5816421858253,24.0,60.0,12.0,9.0,48.0,10.0
152.0,159.0,0.0,medium,0.09335514740318092,3825.5816421858253,165.0,3694.265646279283,48.0,34.0,4005.1002016409166,4219.424431254858,8.0,84.0,12.0,9.0,19.0,33.0
153.0,160.0,0.0,medium,0.09288837166616501,3296.6153887230444,146.0,3188.6171916746553,43.0,36.0,4005.1002016409166,4219.424431254858,13.0,52.0,16.0,15.0,19.0,31.0
154.0,161.0,0.0,medium,0.09242392980783419,3669.3327992655068,163.0,3567.689295334818,47.0,36.0,3694.265646279283,3825.5816421858253,18.0,60.0,12.0,9.0,48.0,16.0
155.0,162.0,0.0,medium,0.09196181015879502,3825.5816421858253,165.0,3694.265646279283,48.0,34.0,3169.7595822671874,3225.36654850528,8.0,84.0,12.0,9.0,30.0,22.0
156.0,163.0,0.0,medium,0.09150200110800105,2809.989104196412,155.0,2835.7125385167124,40.0,39.0,3685.887581551472,3843.481424800703,9.0,60.0,12.0,16.0,24.0,34.0
157.0,164.0,0.0,medium,0.09104449110246104,3851.692281477867,160.0,3644.177987648288,47.0,31.0,3590.296652399566,3734.5043490849307,12.0,41.0,19.0,42.0,17.0,29.0
158.0,165.0,0.0,medium,0.09058926864694875,2970.192462154668,156.0,2967.835203705956,41.0,38.0,3694.265646279283,3825.5816421858253,7.0,94.0,12.0,11.0,10.0,22.0
159.0,166.0,0.0,medium,0.090136322303714,4264.574105999841,165.0,4038.494469330382,51.0,31.0,4090.8825435606323,4261.990616508963,7.0,55.0,13.0,25.0,13.0,52.0
160.0,167.0,0.0,medium,0.08968564069219544,4002.081408563414,169.0,3815.0759628161145,49.0,33.0,3489.6471782934127,3597.0543928420057,7.0,75.0,12.0,29.0,8.0,38.0
161.0,168.0,0.0,medium,0.08923721248873447,3855.9827088823586,167.0,3702.792251851301,48.0,34.0,3519.381253597941,3699.511578896145,7.0,80.0,12.0,30.0,28.0,10.0
162.0,169.0,0.0,medium,0.08879102642629079,3712.51786321748,168.0,3594.5610734282345,47.0,35.0,3489.6471782934127,3600.4612261439097,7.0,82.0,12.0,29.0,18.0,20.0
163.0,170.0,0.0,medium,0.08834707129415934,3365.8429508643044,159.0,3286.607195637493,44.0,36.0,3489.6471782934127,3600.4612261439097,8.0,96.0,12.0,30.0,4.0,9.0
164.0,171.0,0.0,medium,0.08790533593768854,3123.770804161872,161.0,3082.1813847759504,42.0,37.0,3515.05662403418,3663.921955946019,12.0,91.0,12.0,29.0,5.0,12.0
165.0,172.0,0.0,medium,0.0874658092580001,3613.93750177975,159.0,3478.321818624556,46.0,36.0,4030.1286667258423,4251.103598243214,33.0,51.0,12.0,29.0,11.0,23.0
166.0,173.0,0.0,medium,0.0870284802117101,4041.9008585330735,168.0,3852.1226960863,49.0,31.0,4237.360869705238,4489.155675831512,31.0,58.0,12.0,29.0,30.0,8.0
167.0,174.0,0.0,medium,0.08659333781065155,4304.640485128297,168.0,4061.7795417061,51.0,30.0,3708.942095436446,3863.052022656377,8.0,52.0,12.0,30.0,49.0,17.0
168.0,175.0,0.0,medium,0.0861603711215983,3737.5796803109492,165.0,3611.482182931045,47.0,34.0,3491.4247567967354,3565.2185580796768,13.0,62.0,12.0,29.0,30.0,19.0
169.0,176.0,0.0,medium,0.0857295692659903,3686.9880690862024,167.0,3588.480439579481,47.0,35.0,3491.4247567967354,3565.2185580796768,7.0,50.0,12.0,29.0,32.0,37.0
170.0,177.0,0.0,medium,0.08530092141966035,4404.164317610526,164.0,4128.8078977373125,52.0,30.0,4451.69503726411,4766.392389166547,8.0,53.0,16.0,28.0,13.0,46.0
171.0,178.0,0.0,medium,0.08487441681256205,4762.239397115575,173.0,4452.7766984584105,55.0,28.0,4090.8825435606323,4261.990616508963,11.0,14.0,29.0,51.0,13.0,55.0
172.0,179.0,0.0,medium,0.08445004472849925,4261.990616508963,173.0,4090.8825435606323,52.0,32.0,4090.8825435606323,4261.990616508963,7.0,37.0,12.0,29.0,7.0,81.0
173.0,180.0,0.0,medium,0.08402779450485676,4271.990616508963,172.0,4090.8825435606323,52.0,32.0,4090.8825435606323,4261.990616508963,7.0,39.0,12.0,29.0,6.0,79.0
174.0,181.0,0.0,medium,0.08360765553233247,4261.990616508963,173.0,4090.8825435606323,52.0,32.0,3993.551139092998,4154.656977572191,7.0,37.0,12.0,29.0,7.0,81.0
175.0,182.0,0.0,medium,0.0831896172546708,4114.472212489059,169.0,3941.3865304290416,50.0,30.0,3718.0205304064566,3860.0724258805612,37.0,39.0,12.0,31.0,4.0,46.0
176.0,183.0,0.0,medium,0.08277366916839746,4286.896076144791,172.0,4088.242954672982,52.0,32.0,4027.19815267039,4267.470344223326,31.0,39.0,29.0,35.0,7.0,31.0
177.0,184.0,0.0,medium,0.08235980082255547,4267.470344223326,165.0,4027.19815267039,51.0,31.0,3543.950484592073,3711.736833041948,39.0,17.0,17.0,48.0,3.0,41.0
178.0,185.0,0.0,medium,0.08194800181844268,3192.485896669015,161.0,3168.12965066156,43.0,37.0,3829.7635125912293,4011.540945502765,30.0,68.0,13.0,31.0,8.0,11.0
179.0,186.0,0.0,medium,0.08153826180935046,4294.638291547118,173.0,4058.3712069766398,51.0,30.0,3286.5380975327766,3394.665644774739,56.0,64.0,12.0,29.0,5.0,7.0
180.0,187.0,0.0,medium,0.08113057050030371,3516.011925603791,156.0,3383.9980100381777,45.0,36.0,3286.5380975327766,3394.665644774739,7.0,74.0,12.0,29.0,4.0,30.0
181.0,188.0,0.0,medium,0.0807249176478022,3298.316010303837,163.0,3270.03666972444,44.0,37.0,3065.6236759885533,3098.105745168927,12.0,76.0,13.0,29.0,4.0,29.0
182.0,189.0,0.0,medium,0.08032129305956318,3556.3852477970618,161.0,3472.4573370196763,46.0,36.0,3369.632264368999,3407.679418719464,19.0,62.0,16.0,39.0,7.0,18.0
183.0,190.0,0.0,medium,0.07991968659426536,3036.7444576476164,164.0,3063.4896353163804,42.0,38.0,3374.6948445979006,3440.5033341484395,13.0,80.0,12.0,29.0,8.0,22.0
184.0,191.0,0.0,medium,0.07952008816129404,3426.677237937531,163.0,3367.36956041655,45.0,36.0,3708.942095436446,3863.052022656377,9.0,52.0,12.0,29.0,15.0,46.0
185.0,192.0,0.0,medium,0.07912248772048756,3793.363526444587,171.0,3688.912052223482,48.0,33.0,3515.05662403418,3663.921955946019,13.0,55.0,13.0,29.0,10.0,51.0
186.0,193.0,0.0,medium,0.07872687528188513,3641.881828800325,164.0,3521.541510803686,46.0,34.0,4237.360869705238,4489.155675831512,12.0,53.0,12.0,29.0,30.0,28.0
187.0,194.0,0.0,medium,0.0783332409054757,3836.5395370979486,163.0,3702.877823758093,48.0,34.0,4237.360869705238,4489.155675831512,23.0,43.0,12.0,30.0,8.0,47.0
188.0,195.0,0.0,medium,0.07794157470094833,4463.397754947507,176.0,4230.236524305314,53.0,30.0,4044.138608474169,4263.399039518895,65.0,37.0,14.0,29.0,5.0,26.0
189.0,196.0,0.0,medium,0.07755186682744358,3976.091828194017,168.0,3816.3793310103156,49.0,33.0,3491.4247567967354,3565.2185580796768,14.0,52.0,13.0,29.0,25.0,35.0
190.0,197.0,0.0,medium,0.07716410749330636,4530.2213209041265,165.0,4227.6465045414625,53.0,30.0,4343.0895259677745,4665.982138806678,34.0,57.0,15.0,28.0,5.0,26.0
191.0,198.0,0.0,medium,0.07677828695583983,4342.12338059392,165.0,4065.7619898839803,51.0,29.0,4237.360869705238,4489.155675831512,32.0,18.0,29.0,55.0,19.0,12.0
192.0,199.0,0.0,medium,0.07639439552106063,4573.193926220003,160.0,4252.44408887449,53.0,29.0,4015.93608987406,4189.778727745723,31.0,39.0,15.0,30.0,21.0,24.0
193.0,200.0,0.0,medium,0.07601242354345533,4183.574166992629,166.0,4004.6320218282985,51.0,33.0,3735.6499375104754,3903.2517559249527,34.0,33.0,16.0,25.0,4.0,54.0
194.0,201.0,0.0,medium,0.07563236142573805,3903.2517559249527,162.0,3735.6499375104754,48.0,32.0,3290.1894731120315,3400.1676245469434,21.0,74.0,12.0,10.0,33.0,12.0
195.0,202.0,0.0,medium,0.07525419961860937,2615.7054404328755,149.0,2634.45856335449,38.0,40.0,4042.0965866642637,4275.255206991029,12.0,65.0,12.0,16.0,38.0,6.0
196.0,203.0,0.0,medium,0.07487792862051632,4217.1644903110355,169.0,4027.7074646317974,51.0,32.0,3915.578857822977,4121.2297099414745,75.0,46.0,16.0,21.0,3.0,8.0
197.0,204.0,0.0,medium,0.07450353897741373,4121.2297099414745,167.0,3915.578857822977,50.0,33.0,3915.578857822977,4121.2297099414745,38.0,67.0,12.0,8.0,14.0,28.0
198.0,205.0,0.0,medium,0.07413102128252666,4289.3332540126385,161.0,4042.0965866642637,51.0,31.0,3915.578857822977,4121.2297099414745,34.0,49.0,16.0,14.0,9.0,39.0
199.0,206.0,0.0,medium,0.07376036617611402,4121.2297099414745,167.0,3915.578857822977,50.0,33.0,3915.578857822977,4121.2297099414745,31.0,67.0,12.0,8.0,14.0,35.0
200.0,207.0,0.0,medium,0.07339156434523345,4121.2297099414745,167.0,3915.578857822977,50.0,33.0,3915.578857822977,4121.2297099414745,31.0,67.0,12.0,8.0,14.0,35.0
201.0,208.0,0.0,medium,0.07302460652350727,4121.2297099414745,167.0,3915.578857822977,50.0,33.0,3915.578857822977,4121.2297099414745,31.0,66.0,13.0,8.0,14.0,35.0
202.0,209.0,0.0,medium,0.07265948349088973,4275.25520699103,162.0,4042.0965866642637,51.0,31.0,3915.578857822977,4121.2297099414745,35.0,48.0,16.0,14.0,10.0,39.0
203.0,210.0,0.0,medium,0.07229618607343528,4121.2297099414745,167.0,3915.578857822977,50.0,33.0,3915.578857822977,4121.2297099414745,31.0,67.0,12.0,8.0,14.0,35.0
204.0,211.0,0.0,medium,0.0719347051430681,4121.2297099414745,167.0,3915.578857822977,50.0,33.0,3915.578857822977,4121.2297099414745,31.0,67.0,12.0,8.0,14.0,35.0
205.0,212.0,0.0,medium,0.07157503161735276,4275.25520699103,162.0,4042.0965866642637,51.0,31.0,3915.578857822977,4121.2297099414745,35.0,48.0,16.0,14.0,10.0,39.0
206.0,213.0,0.0,medium,0.071217156459266,4121.2297099414745,167.0,3915.578857822977,50.0,33.0,3915.578857822977,4121.2297099414745,31.0,67.0,12.0,8.0,14.0,35.0
207.0,214.0,0.0,medium,0.07086107067696967,4121.2297099414745,167.0,3915.578857822977,50.0,33.0,3915.578857822977,4121.2297099414745,31.0,67.0,12.0,8.0,14.0,35.0
208.0,215.0,0.0,medium,0.07050676532358482,4125.863971287921,169.0,3919.745746975911,50.0,32.0,3922.167520550904,4177.396529825086,29.0,59.0,17.0,16.0,10.0,38.0
209.0,216.0,0.0,medium,0.0701542314969669,4177.396529825086,159.0,3922.167520550904,50.0,33.0,3915.578857822977,4121.2297099414745,17.0,59.0,16.0,21.0,17.0,29.0
210.0,217.0,0.0,medium,0.06980346033948207,4125.863971287921,169.0,3919.745746975911,50.0,32.0,3728.623983372339,3882.063182654081,13.0,62.0,12.0,16.0,10.0,56.0
211.0,218.0,0.0,medium,0.06945444303778466,3913.5538383160333,159.0,3726.9976507069173,48.0,33.0,3617.327874151346,3781.4376461312017,8.0,45.0,16.0,21.0,16.0,53.0
212.0,219.0,0.0,medium,0.06910717082259574,3627.0099362996107,162.0,3495.39474512023,46.0,35.0,3617.327874151346,3781.4376461312017,9.0,84.0,12.0,8.0,39.0,10.0
213.0,220.0,0.0,medium,0.06876163496848275,3781.1376461312007,159.0,3617.327874151346,47.0,34.0,3278.903348104376,3370.458876898392,7.0,89.0,12.0,8.0,31.0,12.0
214.0,221.0,0.0,medium,0.06841782679364034,3064.3124833459697,157.0,3054.9068271045007,42.0,38.0,4039.0460490520823,4278.623787114281,12.0,73.0,12.0,16.0,13.0,31.0
215.0,222.0,0.0,medium,0.06807573765967213,4270.212236882876,162.0,4040.5269611875433,51.0,31.0,3915.578857822977,4121.2297099414745,35.0,41.0,16.0,21.0,4.0,45.0
216.0,223.0,0.0,medium,0.06773535897137377,3844.12410944017,163.0,3694.2987232584355,48.0,34.0,3694.2987232584355,3844.12410944017,30.0,67.0,12.0,8.0,6.0,40.0
217.0,224.0,0.0,medium,0.0673966821765169,3941.042215161731,168.0,3788.3337408985226,49.0,33.0,3605.144757686544,3753.9004602558985,26.0,64.0,12.0,16.0,3.0,47.0
218.0,225.0,0.0,medium,0.0670596987656343,3773.7070385799966,157.0,3606.995232853391,47.0,34.0,3701.92708912918,3869.299236938946,15.0,42.0,16.0,22.0,6.0,56.0
219.0,226.0,0.0,medium,0.06672440027180614,3869.299236938946,162.0,3701.92708912918,48.0,34.0,3278.903348104376,3370.458876898392,35.0,77.0,12.0,10.0,6.0,22.0
220.0,227.0,0.0,medium,0.0663907782704471,2798.1459054062857,155.0,2817.307190238779,40.0,40.0,3848.4291750983557,4052.7919709146563,9.0,78.0,12.0,16.0,5.0,35.0
221.0,228.0,0.0,medium,0.06605882437909487,4246.654292919247,164.0,4018.077452080043,51.0,33.0,3519.602068143792,3656.928120101216,41.0,58.0,16.0,21.0,3.0,25.0
222.0,229.0,0.0,medium,0.0657285302571994,3656.928120101216,161.0,3519.602068143792,46.0,34.0,3519.602068143792,3656.928120101216,57.0,66.0,12.0,8.0,6.0,12.0
223.0,230.0,0.0,medium,0.06539988760591339,3656.928120101216,161.0,3519.602068143792,46.0,34.0,3519.602068143792,3656.928120101216,57.0,66.0,12.0,8.0,6.0,12.0
224.0,231.0,0.0,medium,0.06507288816788383,4246.6542929192465,164.0,4018.077452080043,51.0,33.0,3852.412447641872,4058.8333604023373,38.0,58.0,16.0,14.0,13.0,25.0
225.0,232.0,0.0,medium,0.06474752372704441,4159.33658741422,163.0,3932.2257178275545,50.0,32.0,3852.412447641872,4058.8333604023373,42.0,57.0,12.0,8.0,20.0,24.0
226.0,233.0,0.0,medium,0.0644237861084092,4159.33658741422,163.0,3932.2257178275545,50.0,32.0,3852.412447641872,4058.8333604023373,42.0,57.0,12.0,8.0,20.0,24.0
227.0,234.0,0.0,medium,0.06410166717786715,4176.646769483348,168.0,3953.90982972927,50.0,30.0,3848.4291750983557,4052.7919709146563,38.0,55.0,12.0,16.0,13.0,34.0
228.0,235.0,0.0,medium,0.06378115884197781,4246.654292919247,164.0,4018.077452080043,51.0,33.0,3519.602068143792,3656.928120101216,31.0,56.0,16.0,21.0,14.0,26.0
229.0,236.0,0.0,medium,0.06346225304776792,3305.164419467762,159.0,3255.697482292173,44.0,37.0,3685.887581551472,3843.481424800703,29.0,62.0,12.0,16.0,25.0,15.0
230.0,237.0,0.0,medium,0.06314494178252908,3843.481424800703,159.0,3685.887581551472,48.0,35.0,3398.5878422664114,3499.2372895150606,14.0,62.0,16.0,21.0,2.0,44.0
231.0,238.0,0.0,medium,0.06282921707361644,3499.2372895150606,158.0,3398.5878422664114,45.0,35.0,3398.5878422664114,3499.2372895150606,29.0,66.0,12.0,8.0,12.0,31.0
232.0,239.0,0.0,medium,0.06251507098824835,3499.2372895150606,158.0,3398.5878422664114,45.0,35.0,3398.5878422664114,3499.2372895150606,34.0,66.0,12.0,8.0,6.0,32.0
233.0,240.0,0.0,medium,0.062202495633307105,2984.970462515063,154.0,2959.135574629458,41.0,38.0,4039.0460490520823,4278.623787114281,24.0,55.0,12.0,16.0,4.0,43.0
234.0,241.0,0.0,medium,0.06189148315514057,4282.290283904484,161.0,4040.5269611875433,51.0,31.0,3708.522715902713,3894.066906490642,35.0,42.0,16.0,21.0,4.0,43.0
235.0,242.0,0.0,medium,0.061582025739364867,3742.718783456741,162.0,3614.94371162206,47.0,33.0,3610.7709656606376,3757.2359674548024,43.0,58.0,12.0,8.0,6.0,35.0
236.0,243.0,0.0,medium,0.06127411561066804,3532.631138650169,163.0,3468.4777356207846,46.0,35.0,4054.183936286455,4301.827905045593,31.0,50.0,12.0,16.0,3.0,51.0
237.0,244.0,0.0,medium,0.0609677450326147,4346.505831790123,167.0,4123.597751660478,52.0,32.0,4005.1002016409166,4219.424431254858,72.0,37.0,16.0,21.0,3.0,18.0
238.0,245.0,0.0,medium,0.06066290630745162,4088.4357410263283,166.0,3905.921595558667,50.0,33.0,4005.1002016409166,4219.424431254858,49.0,70.0,12.0,8.0,6.0,21.0
239.0,246.0,0.0,medium,0.060359591775914365,3961.586129120526,169.0,3811.920876508513,49.0,32.0,3711.886885780163,3859.1001033707794,33.0,60.0,12.0,16.0,3.0,45.0
240.0,247.0,0.0,medium,0.06005779381703479,4050.170201962415,165.0,3889.971868620808,50.0,34.0,3590.296652399566,3734.5043490849307,21.0,61.0,16.0,23.0,2.0,42.0
241.0,248.0,0.0,medium,0.059757504847949616,3734.5043490849307,158.0,3590.296652399566,47.0,35.0,3694.265646279283,3825.5816421858253,32.0,62.0,12.0,8.0,6.0,38.0
242.0,249.0,0.0,medium,0.059458717323709866,3553.8101132335455,164.0,3483.6508282204168,46.0,35.0,3711.886885780163,3859.1001033707794,36.0,68.0,12.0,16.0,3.0,29.0
243.0,250.0,0.0,medium,0.059161423737091316,4050.170201962415,165.0,3889.971868620808,50.0,34.0,3590.296652399566,3734.5043490849307,14.0,62.0,16.0,23.0,2.0,48.0
244.0,251.0,0.0,medium,0.05886561661840586,3734.5043490849307,158.0,3590.296652399566,47.0,35.0,4010.8530450360568,4235.943008885944,42.0,65.0,12.0,8.0,6.0,25.0
245.0,252.0,0.0,medium,0.05857128853531383,4139.888281513973,166.0,3918.8772843822985,50.0,33.0,4010.8530450360568,4235.943008885944,48.0,73.0,12.0,10.0,6.0,17.0
246.0,253.0,0.0,medium,0.05827843209263726,4317.835611642993,169.0,4114.932064608558,52.0,31.0,4010.8530450360568,4235.943008885944,24.0,45.0,28.0,15.0,8.0,49.0
247.0,254.0,0.0,medium,0.05798703993217407,4139.888281513973,166.0,3918.8772843822985,50.0,33.0,4010.8530450360568,4235.943008885944,21.0,72.0,12.0,10.0,6.0,45.0
248.0,255.0,0.0,medium,0.0576971047325132,3746.0234645340743,160.0,3583.736721874959,47.0,35.0,4010.8530450360568,4235.943008885944,18.0,66.0,12.0,10.0,6.0,48.0
249.0,256.0,0.0,medium,0.05740861920885063,2976.0637749739685,154.0,2960.075437989677,41.0,38.0,4015.93608987406,4191.778727745723,40.0,63.0,12.0,16.0,3.0,20.0
250.0,257.0,0.0,medium,0.057121576112806376,4484.145167829796,167.0,4229.244146355217,53.0,30.0,4010.8530450360568,4235.943008885944,43.0,38.0,28.0,24.0,9.0,25.0
251.0,258.0,0.0,medium,0.056835968232242344,2966.4212969542264,152.0,2953.9455529245033,41.0,38.0,4014.5595187910194,4196.390216392516,27.0,62.0,12.0,16.0,3.0,32.0
252.0,259.0,0.0,medium,0.05655178839108113,4484.145167829796,167.0,4229.244146355217,53.0,30.0,3610.7709656606376,3741.3859674548,41.0,38.0,28.0,24.0,9.0,27.0
253.0,260.0,0.0,medium,0.05626902944912573,4060.475722152592,165.0,3886.3395464987634,50.0,34.0,3632.5411929128527,3785.984547037309,36.0,57.0,12.0,10.0,6.0,44.0
254.0,261.0,0.0,medium,0.0559876843018801,3814.7079431447423,163.0,3652.3508534337493,47.0,31.0,3398.5878422664114,3499.2372895150606,32.0,72.0,12.0,10.0,6.0,31.0
255.0,262.0,0.0,medium,0.055707745880370696,3060.447172074621,157.0,3053.31787112528,42.0,38.0,3392.9847598624656,3477.3913241052633,37.0,60.0,12.0,16.0,4.0,28.0
256.0,263.0,0.0,medium,0.05542920715096884,4184.517552086209,164.0,3985.3536641841474,51.0,33.0,3632.5411929128527,3785.984547037309,47.0,49.0,16.0,23.0,2.0,27.0
257.0,264.0,0.0,medium,0.055152061115214,3443.1983043935943,161.0,3367.4473404828304,45.0,36.0,3408.429674682013,3527.1510503705167,9.0,83.0,12.0,16.0,8.0,33.0
258.0,265.0,0.0,medium,0.05487630080963793,4053.2273067694696,166.0,3898.8543387646127,50.0,32.0,3402.3800868500944,3529.6001704125847,8.0,42.0,17.0,23.0,5.0,71.0
259.0,266.0,0.0,medium,0.05460191930558974,3797.4604068658805,161.0,3636.7139388742753,47.0,32.0,3398.5878422664114,3499.2372895150606,7.0,73.0,12.0,10.0,15.0,44.0
260.0,267.0,0.0,medium,0.05432890970906179,3678.398727404716,155.0,3515.1587050360467,46.0,34.0,3296.703231656728,3393.0724538174786,16.0,62.0,12.0,8.0,28.0,29.0
261.0,268.0,0.0,medium,0.05405726516051648,2962.4095176968835,156.0,2961.1389581440358,41.0,38.0,3392.9847598624656,3477.3913241052633,17.0,81.0,12.0,16.0,17.0,13.0
262.0,269.0,0.0,medium,0.0537869788347139,4435.18435490557,165.0,4199.904062100679,53.0,32.0,3735.6499375104754,3903.2517559249527,46.0,49.0,16.0,23.0,4.0,27.0
263.0,270.0,0.0,medium,0.053518043940540334,3797.4604068658805,161.0,3636.7139388742753,47.0,32.0,3398.5878422664114,3499.2372895150606,15.0,72.0,12.0,10.0,16.0,36.0
264.0,271.0,0.0,medium,0.053250453720837636,4063.8198693543104,166.0,3882.196830020507,50.0,34.0,3398.5878422664114,3499.2372895150606,14.0,63.0,16.0,14.0,9.0,50.0
265.0,272.0,0.0,medium,0.05298420145223345,3523.6123364290356,153.0,3391.53961260043,45.0,35.0,3391.53961260043,3523.6123364290356,7.0,63.0,12.0,8.0,8.0,55.0
266.0,273.0,0.0,medium,0.05271928044497228,3523.6123364290356,153.0,3391.53961260043,45.0,35.0,3391.53961260043,3523.6123364290356,7.0,63.0,12.0,8.0,6.0,57.0
267.0,274.0,0.0,medium,0.05245568404274742,3523.6123364290356,153.0,3391.53961260043,45.0,35.0,3610.7709656606376,3757.2359674548024,7.0,62.0,12.0,8.0,6.0,58.0
268.0,275.0,0.0,medium,0.05219340562253368,4147.120709207608,172.0,3932.1992341072378,50.0,31.0,3610.7709656606376,3741.3859674548,17.0,75.0,28.0,18.0,13.0,21.0
269.0,276.0,0.0,medium,0.05193243859442102,3741.3859674548,162.0,3610.7709656606376,47.0,33.0,3391.53961260043,3523.6123364290356,46.0,60.0,12.0,10.0,6.0,28.0
270.0,277.0,0.0,medium,0.05167277640144891,3393.4904359228776,156.0,3290.7665831975114,44.0,35.0,3590.296652399566,3734.5043490849307,16.0,69.0,12.0,8.0,8.0,43.0
271.0,278.0,0.0,medium,0.05141441251944167,3935.1125737693224,164.0,3781.882291462828,49.0,34.0,3590.296652399566,3734.5043490849307,18.0,74.0,16.0,15.0,9.0,32.0
272.0,279.0,0.0,medium,0.05115734045684446,3734.5043490849307,158.0,3590.296652399566,47.0,35.0,3590.296652399566,3734.5043490849307,7.0,63.0,12.0,8.0,30.0,38.0
273.0,280.0,0.0,medium,0.050901553754560236,3734.5043490849307,158.0,3590.296652399566,47.0,35.0,3590.296652399566,3734.5043490849307,17.0,62.0,12.0,8.0,20.0,39.0
274.0,281.0,0.0,medium,0.05064704598578743,4020.8202498917894,168.0,3886.71498934846,50.0,34.0,4005.1002016409166,4219.424431254858,23.0,50.0,16.0,15.0,10.0,54.0
275.0,282.0,0.0,medium,0.0503938107558585,4210.080073794347,166.0,4004.712431920909,51.0,33.0,3590.296652399566,3734.5043490849307,12.0,76.0,12.0,8.0,16.0,42.0
276.0,283.0,0.0,medium,0.05014184170207921,3734.5043490849307,158.0,3590.296652399566,47.0,35.0,3590.296652399566,3734.5043490849307,7.0,63.0,12.0,8.0,30.0,38.0
277.0,284.0,0.0,medium,0.05,3097.7160505435413,155.0,3071.457608169726,42.0,37.0,3938.412202084071,4160.182461542058,19.0,53.0,12.0,16.0,28.0,27.0
278.0,285.0,0.0,medium,0.05,4465.052536321801,168.0,4227.925797905656,53.0,30.0,3374.6948445979006,3440.5033341484395,14.0,34.0,32.0,42.0,8.0,38.0
279.0,286.0,0.0,medium,0.05,3942.569408309235,160.0,3776.1782469322497,49.0,35.0,3386.6195409058296,3451.0372994910063,14.0,51.0,12.0,30.0,4.0,49.0
280.0,287.0,0.0,medium,0.05,3856.779906357876,159.0,3701.8544383458716,48.0,34.0,3386.6195409058296,3451.0372994910063,26.0,49.0,12.0,30.0,4.0,38.0
281.0,288.0,0.0,medium,0.05,3966.231738346378,163.0,3796.7954694096643,49.0,34.0,3708.942095436446,3863.052022656377,52.0,49.0,12.0,30.0,4.0,16.0
282.0,289.0,0.0,medium,0.05,3904.039247121155,162.0,3727.5290218627724,48.0,33.0,3708.942095436446,3863.052022656377,52.0,49.0,12.0,30.0,4.0,15.0
283.0,290.0,0.0,medium,0.05,3904.039247121155,162.0,3727.5290218627724,48.0,33.0,3708.942095436446,3863.052022656377,52.0,49.0,12.0,30.0,4.0,15.0
284.0,291.0,0.0,medium,0.05,4307.963305613789,163.0,4052.2532129476263,51.0,29.0,4031.518080708451,4305.647809527504,21.0,59.0,18.0,29.0,3.0,33.0
285.0,292.0,0.0,medium,0.05,4587.277875427186,166.0,4317.158147245164,54.0,30.0,3386.6195409058296,3451.0372994910063,16.0,29.0,30.0,49.0,7.0,35.0
286.0,293.0,0.0,medium,0.05,3856.779906357876,159.0,3701.8544383458716,48.0,34.0,3386.6195409058296,3451.0372994910063,26.0,49.0,12.0,30.0,4.0,38.0
287.0,294.0,0.0,medium,0.05,3856.779906357876,159.0,3701.8544383458716,48.0,34.0,3386.6195409058296,3451.0372994910063,26.0,49.0,12.0,30.0,4.0,38.0
288.0,295.0,0.0,medium,0.05,3856.779906357876,159.0,3701.8544383458716,48.0,34.0,3386.6195409058296,3451.0372994910063,26.0,49.0,12.0,30.0,4.0,38.0
289.0,296.0,0.0,medium,0.05,3856.779906357876,159.0,3701.8544383458716,48.0,34.0,3386.6195409058296,3451.0372994910063,26.0,49.0,12.0,30.0,4.0,38.0
290.0,297.0,0.0,medium,0.05,4370.187851702204,165.0,4124.014289371248,52.0,30.0,3478.321818624556,3613.93750177975,12.0,46.0,30.0,42.0,7.0,28.0
291.0,298.0,0.0,medium,0.05,3914.297059641411,162.0,3730.2999933471237,48.0,33.0,3823.1002722073076,4032.3827610333283,29.0,57.0,12.0,29.0,4.0,31.0
292.0,299.0,0.0,medium,0.05,4105.927074456542,164.0,3915.860205829016,50.0,33.0,3286.5380975327766,3394.665644774739,41.0,62.0,12.0,31.0,4.0,14.0
293.0,300.0,0.0,medium,0.05,3626.4540639666216,164.0,3498.3733522999223,46.0,35.0,3286.5380975327766,3394.665644774739,12.0,74.0,12.0,29.0,4.0,33.0
294.0,301.0,0.0,medium,0.05,3837.779794271617,166.0,3685.1590267026136,48.0,35.0,3829.7635125912293,4011.540945502765,13.0,61.0,12.0,29.0,40.0,11.0
295.0,302.0,0.0,medium,0.05,3835.8268391715947,169.0,3700.429854933655,48.0,34.0,3309.1746958615604,3411.9485233728424,28.0,52.0,12.0,32.0,29.0,16.0
296.0,303.0,0.0,medium,0.05,4017.721795822573,161.0,3825.868692958559,49.0,32.0,3065.6236759885533,3098.105745168927,11.0,81.0,16.0,41.0,3.0,9.0
297.0,304.0,0.0,medium,0.05,3787.018039681568,163.0,3613.554097051212,47.0,34.0,3489.6471782934127,3600.4612261439097,8.0,94.0,12.0,27.0,4.0,18.0
298.0,305.0,0.0,medium,0.05,3906.37356547193,165.0,3737.056828775307,48.0,31.0,3369.632264368999,3407.679418719464,8.0,76.0,12.0,26.0,4.0,39.0
299.0,306.0,0.0,medium,0.05,3371.8992182452344,160.0,3306.951366877924,44.0,35.0,3374.6948445979006,3440.5033341484395,21.0,79.0,12.0,29.0,4.0,15.0
